{
    "threshold": 0.5,
    "accuracy": 0.9578014184397163,
    "precision": 0.31942789034564956,
    "recall": 0.9178082191780822,
    "f1_score": 0.4739168877099912,
    "avg_latency": 0.19913172302974594,
    "std_latency": 0.014618305245989088,
    "throughput": 5.021801573276307
}

res-obj:
{
    "threshold": 0.5,
    "accuracy": 0.9874468085106383,
    "precision": 0.7309236947791165,
    "recall": 0.6232876712328768,
    "f1_score": 0.6728280961182995,
    "avg_latency": 0.6151250136395295,
    "std_latency": 0.03769742378293557,
    "throughput": 1.6256858001648615
}
